<?xml version="1.0" encoding="utf-8"?>
<ApplicationInstallerManifest>
   <DefaultInstallationDirectory>/Applications/lb/</DefaultInstallationDirectory>
   <ApplicationName>lb</ApplicationName>
   <ExecutableName>application/lb.exe</ExecutableName>
   <GUID>7c76259a-19cb-4787-aa9a-1170714196fa</GUID>
   <ApplicationIcon>default_icon_48.png</ApplicationIcon>
   <Logo>logo4777267209222069546.tmp</Logo>
   <Version>1.0</Version>
   <WelcomePanelText>lb 1.0</WelcomePanelText>
   <MCRProducts>
      <MCRProduct>
         <ExternalProductIdentifier>35000</ExternalProductIdentifier>
      </MCRProduct>
      <MCRProduct>
         <ExternalProductIdentifier>35001</ExternalProductIdentifier>
      </MCRProduct>
   </MCRProducts>
</ApplicationInstallerManifest>